{"train": [139.62525083926798, 140.97164539155506, 133.57173576787486, 133.7067420180963, 120.84802229485543, 79.66007477291045, 55.21560051673664, 47.8825898116408, 44.34430201523969, 40.944873531281004, 39.10108017002374, 39.99715410089817, 38.33843057853024, 36.846214519336385, 37.17616808279301, 35.984493624109795, 36.28709810218032, 37.4853555415493, 36.11393807685835, 34.67485682342598, 33.73509401074883, 32.65613895338409, 28.59963807951566, 27.366353020700465, 21.96437589684311, 22.014523734094876, 19.473382769041862, 16.693259583903547, 13.719047504866207, 14.204534382722814, 13.70146723809967, 12.7758093524682, 10.298318832639662, 10.302782765429578, 10.105654786125063, 10.417181254622616, 8.67647071198271, 10.199656111529086, 9.00543718921895, 8.795750477416716, 7.433572178362717, 7.984284938544103, 6.795066343900027, 7.139759110431282, 6.705002616484419, 8.24736393173806, 6.3940497530290585, 5.608497384345991, 6.753196733608808, 5.5514884351873075, 6.397789504901081, 6.8879118220876405, 5.5637983066965395, 5.418670671597089, 5.238353982696188, 6.411772135001461, 6.601672977438859, 6.0447133200509215, 5.128208261606645, 4.423315312046043, 5.59777129469545, 5.496406992871204, 4.905751816972313, 4.397501240944376, 5.082146441747272, 6.009703243887072, 4.543121248794522, 5.820668803104738, 4.335640966540832, 4.284497032252029, 4.690037296148114, 5.133183403620644, 4.060399997045123, 5.415742175216847, 3.6084566207159137, 5.724682285023385, 4.428309636537721, 4.511521453165414, 4.630520652373091, 6.130720638525999], "val": [223.28127520564473, 138.0526330316433, 122.96003056548967, 130.00491421540036, 109.79810807159737, 63.0829093334211, 49.15992886540019, 45.75564431981422, 42.0927559198373, 39.49505917936462, 39.856406527574556, 37.37548187568326, 37.90190394339708, 37.35755264881121, 38.306238516198896, 33.205937118660465, 40.77534133338277, 36.08744441283034, 35.99689623927094, 34.08122759223391, 39.19042707710136, 26.935444913219673, 30.688409180364513, 23.01456985375987, 26.84768229865377, 20.780747872570675, 16.638882721650315, 12.761587885866392, 12.279860446070648, 14.263350074201721, 13.02907388120788, 10.594875600964542, 10.787924454073858, 10.271586576012622, 12.39787796577089, 9.373416491335977, 14.379598655798329, 8.938461281740624, 7.249375690372323, 7.219015923376376, 7.203505871238969, 9.045486775681427, 6.036761615463491, 6.846025639019729, 19.374231709555147, 7.3356587260249535, 5.575802652095365, 7.147270217283594, 6.03171822398189, 9.252079029538933, 6.4390863668389695, 6.459731708614493, 6.29303338503268, 5.236047102729615, 6.593141410944812, 7.784214666679044, 7.459329885427455, 5.965830378158101, 4.915038443059237, 5.51786442624831, 9.559035503009888, 4.577352306948587, 4.483727337150444, 6.024592452488662, 4.205411468349626, 5.960770692841591, 4.843247222819019, 4.588497921468455, 3.7661849390524647, 3.941568417964128, 3.833871508214254, 4.8341050949519815, 6.617809595101522, 3.882324298290669, 3.7402891368182445, 4.714969399846048, 5.605997055463823, 8.587191215554196, 9.581019948366967, 4.350401159846335]}