{"train": [100.98918310325433, 58.192426201437605, 48.96494277642697, 47.75799993744243, 46.32847236062394, 45.646341115384956, 43.568123649199265, 42.071331025899944, 43.04490136386586, 40.51165570801888, 39.00115525295405, 38.64443879765448, 36.940568213776395, 42.284769700930504, 40.66586055971867, 39.39424118076593, 35.68043239878959, 35.889137624450825, 33.73821650567779, 34.27743846521356, 28.76244026581987, 33.455383895908625, 25.398321879207412, 25.68057767214959, 18.587733608254503, 21.676191223559734, 20.900837773260346, 16.145481232450663, 14.394330858157064, 13.546099607852582, 14.991524016019168, 12.846799353082705, 12.715215330924035, 12.748067666397612, 12.4236430542269, 11.114389650513525, 11.301695552488573, 10.678930388989093, 10.188311329882703, 10.795840410851026, 9.35439195005802, 11.29071037655785, 11.099833104832102, 12.863310689774769, 10.451105120392882, 9.506987321295707, 9.05658879701783, 9.05084710499597, 8.73735617812799, 9.674679560239625, 9.907352976896325, 9.447753224621554, 7.949737199363794, 8.362816862076048, 11.022845737517825, 10.983326581059671, 7.877293293924829, 9.48025248348037, 11.041573619193771, 8.09568232495228, 7.442643715302691, 8.33283087628769, 10.546363091847253, 7.407043399940544, 7.8956299104928425, 9.722639255999438, 10.894308220826579, 7.280582509289522, 7.572178156846233, 9.42068520716799, 9.27741145957895, 9.147060579399403, 6.9741581490791305, 7.71072719859428, 7.081517651616309], "val": [68.24364462321935, 49.630082263881434, 48.452622123952615, 46.94028597236086, 50.80992588004155, 44.092462969314525, 42.49965651450304, 53.58983263790404, 41.295825740176255, 44.0584094923104, 39.06327469601159, 37.109972729210966, 32.80801104522809, 40.28902473059124, 42.21388865005441, 43.646455979591344, 31.85597491996687, 34.64034502335376, 37.04990339116432, 35.15808871012092, 27.779356736778805, 23.69426685632699, 30.099720349490845, 17.45751616490986, 26.36418956782631, 27.445831471335765, 17.71459119230407, 14.131341354838817, 13.999543810867205, 12.57176788919208, 12.440588571919516, 11.408701360429106, 15.33631737647203, 11.816353836970931, 11.74096452660935, 11.052929526709859, 12.685405659594228, 9.191014498980786, 14.071087776190591, 8.846986091991333, 14.504639047811462, 10.280585815475256, 17.920684244852424, 12.391438760855092, 8.685583981230804, 9.458436812150193, 9.359388038160045, 9.090332408000178, 8.41109131342722, 9.07307263039078, 13.429860796130965, 7.923856392248498, 7.986532744287224, 13.100733425836921, 24.842040325594436, 7.858245216538882, 7.865666007426005, 17.83990665995627, 8.27524956420013, 7.338152415923291, 7.931541742318319, 13.066630011125635, 8.41841005017733, 7.0903173957668475, 14.323664291726852, 11.716730212188825, 8.191165103847256, 7.0570637134154905, 10.272213362182773, 10.218618757488784, 13.872800796512044, 7.083608563442686, 6.793074945540965, 8.515416680749366, 9.21946490583973]}