{"train": [91.19009207035678, 94.60094207279266, 94.15260281032985, 92.43970006133964, 94.80198296440973, 92.209280250186, 89.38632286573484, 91.1321129346921, 94.6555122358188, 93.37705880854946, 92.10027007710636, 92.65678417525865, 91.98807223573023, 93.0005787959715, 92.89918420493197, 92.32370815839356, 89.71973530948837, 81.46008677233915, 66.15562576674549, 57.6190225821774, 54.214492901652854, 53.617582899859165, 53.73773661157173, 52.74763517141882, 49.41405602279974, 48.842308864463746, 48.9937912575512, 48.293667817061724, 47.194840038066005, 46.2301521422371, 45.46738841776945, 44.2412219542765, 42.42753302818523, 42.097539521993696, 39.913364927676795, 40.180528138175845, 34.081008606649036, 33.32991530922265, 28.570766679067464, 25.137897877249856, 28.011340795676997, 25.789555846752766, 25.69587536593413, 22.810619930345187, 25.416527918947526, 21.796398773539362, 21.601716188184255, 20.91996218449945, 19.94643756061995, 21.693280271499873, 19.968570541416437, 20.520178530600067, 19.96177085824564, 19.694578271982625, 18.55524748025838, 18.178920498456545, 18.03205647025249, 18.77775452628968, 19.762049523178412, 17.537786882534586, 19.158753569380227, 18.7962674891327, 16.45042752981727, 16.328722490583147, 16.30857115592005, 17.436053255734258, 16.62466650376785, 17.405244515001637, 16.05609747785019, 15.686967409440992, 16.81268954114849, 15.72915309983857, 16.724934677850634, 15.831711728881002, 15.227463412122658, 17.614223250131758, 15.677014018294493, 17.021878453122785, 16.215089458024423, 15.23927519921543], "val": [100.90672067896091, 93.36869934394498, 92.62524455724723, 87.65612243548188, 92.3579506206838, 91.73193908795562, 86.29424574920341, 92.02879934994434, 93.28936449903676, 92.17534194790056, 90.6820629237048, 92.12414988234589, 89.18039601817473, 84.80999026770478, 91.82492000332465, 90.92815893908816, 88.56535810659364, 73.91880199445393, 61.07091976595413, 54.66394645769034, 56.330981622376946, 52.52259983544464, 55.153039066457914, 50.62745885230576, 49.41105989710056, 53.5088637485439, 47.39275253998949, 48.3445362312395, 47.24366710780017, 46.63170448667767, 44.769620628487125, 43.88555285873674, 41.2418028079609, 39.24008116217603, 42.43487583980625, 41.24983680777176, 37.85856917449639, 31.08815965229334, 33.75609238074501, 31.204821433630414, 30.739624205709724, 27.832943047272874, 22.835351172567634, 26.25760033187606, 22.158660276757978, 28.783099161480067, 22.289299906317286, 20.522082719379725, 22.200181742983872, 19.66523685715711, 20.806438934274095, 24.934613725837995, 17.83073714650125, 21.70678841782918, 18.43039372349762, 20.54700095987157, 26.377708741015542, 22.90258155015548, 17.32308861989617, 21.025638069309064, 20.33171155753803, 16.496756674079766, 16.079380424356298, 16.275247583617123, 16.085594034032205, 19.467667914901575, 17.499693623174988, 18.58971929712914, 16.328263582223105, 19.531544135292236, 20.377593125092698, 21.14737713784488, 16.47742971218487, 14.910724844948831, 16.107235898743717, 20.290540770052235, 15.451966620956265, 18.034427746977823, 17.126407473567404, 17.1173814669404]}